Date,winner,loser,,
2001-12-29,Northeastern,New Hampshire,,
2001-12-29,Binghamton,Stony Brook,,
2001-12-31,Vermont,Albany (NY),,
2002-01-02,Hartford,Binghamton,,
2002-01-02,Maine,Albany (NY),,
2002-01-02,Boston University,New Hampshire,,
2002-01-02,Vermont,Stony Brook,,
2002-01-05,Vermont,Boston University,,
2002-01-05,Hartford,Northeastern,,
2002-01-06,Stony Brook,Maine,,
2002-01-07,Binghamton,Albany (NY),,
2002-01-07,Boston University,Hartford,,
2002-01-07,Vermont,Northeastern,,
2002-01-10,Boston University,Binghamton,,
2002-01-10,Northeastern,Stony Brook,,
2002-01-11,Vermont,Maine,,
2002-01-12,Boston University,Stony Brook,,
2002-01-12,New Hampshire,Hartford,,
2002-01-12,Binghamton,Northeastern,,
2002-01-13,Maine,Albany (NY),,
2002-01-14,Vermont,New Hampshire,,
2002-01-15,Stony Brook,Binghamton,,
2002-01-17,Hartford,Maine,,
2002-01-17,Vermont,Northeastern,,
2002-01-18,New Hampshire,Stony Brook,,
2002-01-20,Maine,Binghamton,,
2002-01-20,Hartford,Vermont,,
2002-01-20,New Hampshire,Albany (NY),,
2002-01-20,Boston University,Northeastern,,
2002-01-24,Boston University,Albany (NY),,
2002-01-24,Binghamton,Northeastern,,
2002-01-24,New Hampshire,Hartford,,
2002-01-24,Vermont,Stony Brook,,
2002-01-26,Albany (NY),Northeastern,,
2002-01-26,Boston University,Binghamton,,
2002-01-26,Hartford,Stony Brook,,
2002-01-27,Maine,New Hampshire,,
2002-01-29,Hartford,Boston University,,
2002-01-30,Albany (NY),New Hampshire,,
2002-01-31,Maine,Binghamton,,
2002-02-01,Northeastern,Hartford,,
2002-02-02,New Hampshire,Binghamton,,
2002-02-02,Albany (NY),Stony Brook,,
2002-02-02,Vermont,Boston University,,
2002-02-03,Maine,Northeastern,,
2002-02-05,Binghamton,Albany (NY),,
2002-02-05,Hartford,Maine,,
2002-02-05,New Hampshire,Northeastern,,
2002-02-08,Vermont,Binghamton,,
2002-02-08,Hartford,Albany (NY),,
2002-02-08,Boston University,Maine,,
2002-02-08,New Hampshire,Stony Brook,,
2002-02-10,Albany (NY),Vermont,,
2002-02-10,Boston University,New Hampshire,,
2002-02-10,Stony Brook,Maine,,
2002-02-12,Northeastern,Albany (NY),,
2002-02-13,Vermont,Binghamton,,
2002-02-14,Boston University,Northeastern,,
2002-02-14,New Hampshire,Maine,,
2002-02-15,Hartford,Stony Brook,,
2002-02-16,Boston University,Albany (NY),,
2002-02-17,Hartford,Binghamton,,
2002-02-17,Maine,Vermont,,
2002-02-17,Stony Brook,Northeastern,,
2002-02-21,Northeastern,Maine,,
2002-02-21,Boston University,Stony Brook,,
2002-02-22,Albany (NY),Hartford,,
2002-02-22,Vermont,New Hampshire,,
2002-02-24,Stony Brook,Albany (NY),,
2002-02-24,Binghamton,New Hampshire,,
2002-02-24,Boston University,Maine,,
2002-02-24,Vermont,Hartford,,
2002-03-02,Hartford,Albany (NY),,
2002-03-02,Maine,New Hampshire,,
2002-03-02,Boston University,Northeastern,,
2002-03-02,Vermont,Stony Brook,,
2002-03-03,Boston University,Hartford,,
2002-03-03,Maine,Vermont,,
2002-03-09,Boston University,Maine,,
2003-01-02,Vermont,Maine,,
2003-01-02,Binghamton,New Hampshire,,
2003-01-04,Boston University,Binghamton,,
2003-01-04,Hartford,New Hampshire,,
2003-01-04,Maine,Albany (NY),,
2003-01-05,Vermont,Stony Brook,,
2003-01-08,Boston University,Albany (NY),,
2003-01-08,New Hampshire,Maine,,
2003-01-08,Hartford,Stony Brook,,
2003-01-08,Vermont,Northeastern,,
2003-01-11,Albany (NY),New Hampshire,,
2003-01-11,Binghamton,Stony Brook,,
2003-01-11,Boston University,Vermont,,
2003-01-11,Hartford,Northeastern,,
2003-01-15,Vermont,Albany (NY),,
2003-01-15,Binghamton,Hartford,,
2003-01-15,Boston University,Stony Brook,,
2003-01-15,Maine,Northeastern,,
2003-01-18,Boston University,Hartford,,
2003-01-18,Maine,Binghamton,,
2003-01-18,Northeastern,New Hampshire,,
2003-01-19,Stony Brook,Albany (NY),,
2003-01-21,Binghamton,Albany (NY),,
2003-01-22,Boston University,New Hampshire,,
2003-01-22,Stony Brook,Northeastern,,
2003-01-22,Vermont,Maine,,
2003-01-25,Northeastern,Boston University,,
2003-01-25,Hartford,Vermont,,
2003-01-26,Binghamton,New Hampshire,,
2003-01-26,Stony Brook,Maine,,
2003-01-29,Hartford,Albany (NY),,
2003-01-29,Boston University,Maine,,
2003-01-29,Vermont,New Hampshire,,
2003-01-29,Northeastern,Binghamton,,
2003-01-31,Northeastern,Hartford,,
2003-02-02,Northeastern,Albany (NY),,
2003-02-02,Binghamton,Vermont,,
2003-02-02,Maine,Hartford,,
2003-02-02,Stony Brook,New Hampshire,,
2003-02-05,Boston University,Albany (NY),,
2003-02-05,Maine,New Hampshire,,
2003-02-05,Stony Brook,Northeastern,,
2003-02-06,Hartford,Binghamton,,
2003-02-08,Maine,Albany (NY),,
2003-02-08,Northeastern,New Hampshire,,
2003-02-08,Vermont,Stony Brook,,
2003-02-09,Boston University,Binghamton,,
2003-02-11,Stony Brook,Boston University,,
2003-02-12,Maine,Northeastern,,
2003-02-12,New Hampshire,Hartford,,
2003-02-12,Vermont,Binghamton,,
2003-02-14,Albany (NY),Stony Brook,,
2003-02-15,Binghamton,Maine,,
2003-02-15,Boston University,Hartford,,
2003-02-15,Northeastern,Vermont,,
2003-02-16,Albany (NY),New Hampshire,,
2003-02-19,Boston University,Maine,,
2003-02-19,Hartford,Stony Brook,,
2003-02-19,Vermont,New Hampshire,,
2003-02-20,Binghamton,Albany (NY),,
2003-02-22,Hartford,Albany (NY),,
2003-02-22,Vermont,Boston University,,
2003-02-23,Binghamton,Northeastern,,
2003-02-23,Maine,Stony Brook,,
2003-02-26,Boston University,New Hampshire,,
2003-02-26,Hartford,Vermont,,
2003-02-26,Northeastern,Albany (NY),,
2003-02-26,Stony Brook,Binghamton,,
2003-03-02,Hartford,Maine,,
2003-03-02,Boston University,Northeastern,,
2003-03-02,New Hampshire,Stony Brook,,
2003-03-02,Vermont,Albany (NY),,
2003-03-09,Vermont,Albany (NY),,
2003-03-09,Boston University,New Hampshire,,
2003-03-09,Northeastern,Maine,,
2003-03-09,Hartford,Stony Brook,,
2003-03-10,Vermont,Hartford,,
2003-03-10,Boston University,Northeastern,,
2003-03-15,Vermont,Boston University,,
2004-01-02,Maryland-Baltimore County,Albany (NY),,
2004-01-02,Vermont,Binghamton,,
2004-01-02,Boston University,New Hampshire,,
2004-01-02,Maine,Hartford,,
2004-01-02,Northeastern,Stony Brook,,
2004-01-04,Boston University,Albany (NY),,
2004-01-04,Maine,Stony Brook,,
2004-01-04,Vermont,Maryland-Baltimore County,,
2004-01-04,Northeastern,New Hampshire,,
2004-01-07,Binghamton,Maine,,
2004-01-07,Boston University,Hartford,,
2004-01-07,Stony Brook,Maryland-Baltimore County,,
2004-01-07,Vermont,Northeastern,,
2004-01-08,Albany (NY),New Hampshire,,
2004-01-10,Boston University,Binghamton,,
2004-01-10,Maryland-Baltimore County,Hartford,,
2004-01-11,Vermont,Maine,,
2004-01-11,Northeastern,Albany (NY),,
2004-01-11,Stony Brook,New Hampshire,,
2004-01-14,Binghamton,Albany (NY),,
2004-01-14,Boston University,Maryland-Baltimore County,,
2004-01-14,Maine,New Hampshire,,
2004-01-14,Northeastern,Hartford,,
2004-01-14,Vermont,Stony Brook,,
2004-01-17,New Hampshire,Binghamton,,
2004-01-17,Vermont,Boston University,,
2004-01-17,Hartford,Stony Brook,,
2004-01-17,Northeastern,Maryland-Baltimore County,,
2004-01-18,Maine,Albany (NY),,
2004-01-19,Hartford,Binghamton,,
2004-01-21,Boston University,Maine,,
2004-01-21,Maryland-Baltimore County,New Hampshire,,
2004-01-21,Binghamton,Northeastern,,
2004-01-21,Stony Brook,Albany (NY),,
2004-01-24,Maine,Maryland-Baltimore County,,
2004-01-24,Boston University,Northeastern,,
2004-01-24,Vermont,New Hampshire,,
2004-01-25,Binghamton,Stony Brook,,
2004-01-25,Hartford,Albany (NY),,
2004-01-28,Vermont,Albany (NY),,
2004-01-28,Northeastern,Maine,,
2004-01-28,Binghamton,Maryland-Baltimore County,,
2004-01-28,Hartford,New Hampshire,,
2004-01-28,Boston University,Stony Brook,,
2004-01-31,Binghamton,Hartford,,
2004-01-31,Northeastern,New Hampshire,,
2004-01-31,Maine,Stony Brook,,
2004-01-31,Vermont,Maryland-Baltimore County,,
2004-02-01,Boston University,Albany (NY),,
2004-02-04,Maine,Hartford,,
2004-02-04,Albany (NY),Maryland-Baltimore County,,
2004-02-04,Boston University,New Hampshire,,
2004-02-05,Northeastern,Stony Brook,,
2004-02-05,Vermont,Binghamton,,
2004-02-07,New Hampshire,Albany (NY),,
2004-02-07,Boston University,Hartford,,
2004-02-08,Maine,Binghamton,,
2004-02-08,Maryland-Baltimore County,Stony Brook,,
2004-02-08,Vermont,Northeastern,,
2004-02-11,Binghamton,Albany (NY),,
2004-02-11,Northeastern,Hartford,,
2004-02-11,Maine,New Hampshire,,
2004-02-11,Vermont,Stony Brook,,
2004-02-12,Boston University,Maryland-Baltimore County,,
2004-02-14,Maine,Albany (NY),,
2004-02-14,Binghamton,New Hampshire,,
2004-02-14,Northeastern,Maryland-Baltimore County,,
2004-02-14,Stony Brook,Hartford,,
2004-02-15,Boston University,Vermont,,
2004-02-18,Stony Brook,Albany (NY),,
2004-02-18,Northeastern,Binghamton,,
2004-02-18,Vermont,Hartford,,
2004-02-18,Boston University,Maine,,
2004-02-18,New Hampshire,Maryland-Baltimore County,,
2004-02-21,Albany (NY),Hartford,,
2004-02-21,Maine,Maryland-Baltimore County,,
2004-02-21,New Hampshire,Vermont,,
2004-02-22,Boston University,Northeastern,,
2004-02-22,Binghamton,Stony Brook,,
2004-02-23,Vermont,Hartford,,
2004-02-25,Binghamton,Maryland-Baltimore County,,
2004-02-26,Boston University,Stony Brook,,
2004-02-26,Hartford,New Hampshire,,
2004-02-26,Northeastern,Maine,,
2004-02-26,Vermont,Albany (NY),,
2004-02-29,Northeastern,Albany (NY),,
2004-02-29,Boston University,Binghamton,,
2004-02-29,Hartford,Maryland-Baltimore County,,
2004-02-29,New Hampshire,Stony Brook,,
2004-02-29,Maine,Vermont,,
2004-03-05,New Hampshire,Albany (NY),,
2004-03-05,Stony Brook,Maryland-Baltimore County,,
2004-03-06,Maine,Binghamton,,
2004-03-06,Stony Brook,Boston University,,
2004-03-06,Vermont,New Hampshire,,
2004-03-06,Hartford,Northeastern,,
2004-03-07,Vermont,Hartford,,
2004-03-07,Maine,Stony Brook,,
2004-03-13,Vermont,Maine,,
2004-12-04,Boston University,New Hampshire,,
2004-12-09,Maine,Maryland-Baltimore County,,
2004-12-18,Albany (NY),Hartford,,
2004-12-19,Vermont,Binghamton,,
2004-12-21,Northeastern,Stony Brook,,
2005-01-02,Boston University,Albany (NY),,
2005-01-02,Maine,Stony Brook,,
2005-01-02,New Hampshire,Maryland-Baltimore County,,
2005-01-02,Northeastern,Binghamton,,
2005-01-02,Vermont,Hartford,,
2005-01-05,Maryland-Baltimore County,Stony Brook,,
2005-01-05,Vermont,Northeastern,,
2005-01-06,Binghamton,Maine,,
2005-01-06,Boston University,Hartford,,
2005-01-06,Albany (NY),New Hampshire,,
2005-01-08,Hartford,Maryland-Baltimore County,,
2005-01-08,Vermont,Maine,,
2005-01-09,Northeastern,Albany (NY),,
2005-01-09,Boston University,Binghamton,,
2005-01-09,Stony Brook,New Hampshire,,
2005-01-12,Albany (NY),Binghamton,,
2005-01-12,Northeastern,Hartford,,
2005-01-12,Vermont,Stony Brook,,
2005-01-13,Boston University,Maryland-Baltimore County,,
2005-01-13,Maine,New Hampshire,,
2005-01-15,Northeastern,Maryland-Baltimore County,,
2005-01-15,Stony Brook,Hartford,,
2005-01-16,New Hampshire,Binghamton,,
2005-01-16,Albany (NY),Maine,,
2005-01-16,Vermont,Boston University,,
2005-01-19,Binghamton,Stony Brook,,
2005-01-19,Hartford,Maine,,
2005-01-19,Maryland-Baltimore County,Albany (NY),,
2005-01-19,Vermont,New Hampshire,,
2005-01-19,Northeastern,Boston University,,
2005-01-22,Maryland-Baltimore County,Binghamton,,
2005-01-22,Boston University,Stony Brook,,
2005-01-22,Vermont,Albany (NY),,
2005-01-23,Hartford,New Hampshire,,
2005-01-23,Maine,Northeastern,,
2005-01-26,Boston University,New Hampshire,,
2005-01-26,Northeastern,Stony Brook,,
2005-01-27,Albany (NY),Hartford,,
2005-01-27,Vermont,Binghamton,,
2005-01-27,Maryland-Baltimore County,Maine,,
2005-01-29,New Hampshire,Maryland-Baltimore County,,
2005-01-30,Northeastern,Binghamton,,
2005-01-30,Boston University,Albany (NY),,
2005-01-30,Vermont,Hartford,,
2005-01-30,Maine,Stony Brook,,
2005-02-02,Albany (NY),Stony Brook,,
2005-02-02,Binghamton,Hartford,,
2005-02-02,Boston University,Maine,,
2005-02-02,Vermont,Maryland-Baltimore County,,
2005-02-02,Northeastern,New Hampshire,,
2005-02-05,Albany (NY),New Hampshire,,
2005-02-05,Boston University,Hartford,,
2005-02-05,Stony Brook,Maryland-Baltimore County,,
2005-02-05,Vermont,Northeastern,,
2005-02-06,Binghamton,Maine,,
2005-02-09,Binghamton,Albany (NY),,
2005-02-09,Maine,New Hampshire,,
2005-02-09,Boston University,Maryland-Baltimore County,,
2005-02-09,Northeastern,Hartford,,
2005-02-09,Vermont,Stony Brook,,
2005-02-12,Albany (NY),Maine,,
2005-02-12,Boston University,Vermont,,
2005-02-12,Stony Brook,Hartford,,
2005-02-12,Northeastern,Maryland-Baltimore County,,
2005-02-13,Binghamton,New Hampshire,,
2005-02-16,Vermont,Albany (NY),,
2005-02-16,Binghamton,Maryland-Baltimore County,,
2005-02-16,Boston University,Stony Brook,,
2005-02-16,Northeastern,Maine,,
2005-02-17,New Hampshire,Hartford,,
2005-02-19,Albany (NY),Maryland-Baltimore County,,
2005-02-19,Maine,Hartford,,
2005-02-19,Stony Brook,Binghamton,,
2005-02-20,Northeastern,Boston University,,
2005-02-21,Vermont,New Hampshire,,
2005-02-24,Boston University,Maine,,
2005-02-24,Hartford,Binghamton,,
2005-02-24,Northeastern,New Hampshire,,
2005-02-24,Stony Brook,Albany (NY),,
2005-02-24,Vermont,Maryland-Baltimore County,,
2005-02-27,Binghamton,Boston University,,
2005-02-27,Maine,Vermont,,
2005-02-27,Maryland-Baltimore County,Hartford,,
2005-02-27,New Hampshire,Stony Brook,,
2005-02-27,Northeastern,Albany (NY),,
2005-03-04,Stony Brook,Hartford,,
2005-03-04,Maryland-Baltimore County,New Hampshire,,
2005-03-05,Binghamton,Albany (NY),,
2005-03-05,Maine,Boston University,,
2005-03-05,Vermont,Maryland-Baltimore County,,
2005-03-05,Northeastern,Stony Brook,,
2005-03-06,Vermont,Binghamton,,
2005-03-06,Northeastern,Maine,,
2005-03-12,Vermont,Northeastern,,
2005-12-03,Hartford,Maine,,
2005-12-08,Boston University,New Hampshire,,
2005-12-10,Boston University,Maine,,
2005-12-10,Maryland-Baltimore County,Stony Brook,,
2005-12-10,Vermont,New Hampshire,,
2005-12-20,Albany (NY),Binghamton,,
2005-12-23,Albany (NY),Stony Brook,,
2006-01-04,Albany (NY),Hartford,,
2006-01-05,Maryland-Baltimore County,Boston University,,
2006-01-05,Binghamton,New Hampshire,,
2006-01-05,Stony Brook,Vermont,,
2006-01-07,Albany (NY),Maine,,
2006-01-08,Binghamton,Stony Brook,,
2006-01-08,New Hampshire,Hartford,,
2006-01-08,Vermont,Maryland-Baltimore County,,
2006-01-11,New Hampshire,Maryland-Baltimore County,,
2006-01-12,Albany (NY),Boston University,,
2006-01-12,Vermont,Hartford,,
2006-01-12,Binghamton,Maine,,
2006-01-14,New Hampshire,Stony Brook,,
2006-01-15,Binghamton,Boston University,,
2006-01-15,Maine,Vermont,,
2006-01-15,Hartford,Maryland-Baltimore County,,
2006-01-18,Vermont,Albany (NY),,
2006-01-19,Binghamton,Hartford,,
2006-01-19,Maine,New Hampshire,,
2006-01-19,Boston University,Stony Brook,,
2006-01-22,New Hampshire,Albany (NY),,
2006-01-22,Boston University,Vermont,,
2006-01-22,Hartford,Stony Brook,,
2006-01-22,Maryland-Baltimore County,Maine,,
2006-01-25,Albany (NY),Maryland-Baltimore County,,
2006-01-25,Binghamton,Vermont,,
2006-01-25,Boston University,Hartford,,
2006-01-25,Maine,Stony Brook,,
2006-01-28,Albany (NY),Binghamton,,
2006-01-28,Vermont,New Hampshire,,
2006-01-28,Stony Brook,Maryland-Baltimore County,,
2006-01-29,Maine,Boston University,,
2006-02-01,Albany (NY),Stony Brook,,
2006-02-01,New Hampshire,Boston University,,
2006-02-02,Hartford,Maine,,
2006-02-02,Maryland-Baltimore County,Binghamton,,
2006-02-04,Albany (NY),Boston University,,
2006-02-04,Hartford,Vermont,,
2006-02-05,Binghamton,Maine,,
2006-02-05,New Hampshire,Maryland-Baltimore County,,
2006-02-08,Binghamton,New Hampshire,,
2006-02-08,Boston University,Maryland-Baltimore County,,
2006-02-08,Albany (NY),Hartford,,
2006-02-08,Vermont,Stony Brook,,
2006-02-11,Hartford,New Hampshire,,
2006-02-11,Albany (NY),Maine,,
2006-02-11,Maryland-Baltimore County,Vermont,,
2006-02-11,Binghamton,Stony Brook,,
2006-02-14,Binghamton,Boston University,,
2006-02-15,Hartford,Maryland-Baltimore County,,
2006-02-15,New Hampshire,Stony Brook,,
2006-02-15,Vermont,Maine,,
2006-02-18,Hartford,Binghamton,,
2006-02-19,Boston University,Stony Brook,,
2006-02-19,Maine,New Hampshire,,
2006-02-20,Albany (NY),Vermont,,
2006-02-20,Binghamton,Maryland-Baltimore County,,
2006-02-23,Maine,Maryland-Baltimore County,,
2006-02-23,New Hampshire,Albany (NY),,
2006-02-23,Hartford,Stony Brook,,
2006-02-23,Boston University,Vermont,,
2006-02-26,Boston University,Hartford,,
2006-02-26,Albany (NY),Maryland-Baltimore County,,
2006-02-26,Maine,Stony Brook,,
2006-02-26,Binghamton,Vermont,,
2006-03-03,Maryland-Baltimore County,Stony Brook,,
2006-03-04,Binghamton,Maine,,
2006-03-04,Vermont,Boston University,,
2006-03-04,New Hampshire,Hartford,,
2006-03-04,Albany (NY),Maryland-Baltimore County,,
2006-03-05,Vermont,Binghamton,,
2006-03-05,Albany (NY),New Hampshire,,
2006-03-11,Albany (NY),Vermont,,
2007-01-03,Albany (NY),New Hampshire,,
2007-01-03,Maryland-Baltimore County,Binghamton,,
2007-01-03,Hartford,Maine,,
2007-01-03,Vermont,Stony Brook,,
2007-01-06,Binghamton,Albany (NY),,
2007-01-06,Hartford,Boston University,,
2007-01-06,New Hampshire,Maine,,
2007-01-06,Maryland-Baltimore County,Stony Brook,,
2007-01-09,Boston University,Maine,,
2007-01-09,Albany (NY),Maryland-Baltimore County,,
2007-01-09,Vermont,New Hampshire,,
2007-01-09,Stony Brook,Binghamton,,
2007-01-11,Albany (NY),Maine,,
2007-01-11,Boston University,Binghamton,,
2007-01-11,Vermont,Maryland-Baltimore County,,
2007-01-11,New Hampshire,Hartford,,
2007-01-13,Boston University,New Hampshire,,
2007-01-13,Hartford,Stony Brook,,
2007-01-13,Maine,Binghamton,,
2007-01-13,Vermont,Albany (NY),,
2007-01-15,Albany (NY),Stony Brook,,
2007-01-15,Binghamton,Hartford,,
2007-01-16,Maine,Maryland-Baltimore County,,
2007-01-18,New Hampshire,Binghamton,,
2007-01-18,Maryland-Baltimore County,Hartford,,
2007-01-18,Stony Brook,Boston University,,
2007-01-18,Maine,Vermont,,
2007-01-21,Albany (NY),Hartford,,
2007-01-21,Vermont,Binghamton,,
2007-01-21,Boston University,Maryland-Baltimore County,,
2007-01-21,New Hampshire,Stony Brook,,
2007-01-24,Albany (NY),Boston University,,
2007-01-25,Vermont,Hartford,,
2007-01-25,Maryland-Baltimore County,New Hampshire,,
2007-01-25,Maine,Stony Brook,,
2007-01-27,Maine,Hartford,,
2007-01-28,Maryland-Baltimore County,Binghamton,,
2007-01-28,Albany (NY),New Hampshire,,
2007-01-28,Vermont,Stony Brook,,
2007-01-31,Albany (NY),Maryland-Baltimore County,,
2007-01-31,Binghamton,Stony Brook,,
2007-01-31,Boston University,Maine,,
2007-01-31,Vermont,New Hampshire,,
2007-02-03,Albany (NY),Binghamton,,
2007-02-03,Boston University,Hartford,,
2007-02-03,Stony Brook,Maryland-Baltimore County,,
2007-02-03,Maine,New Hampshire,,
2007-02-05,Albany (NY),Hartford,,
2007-02-05,Vermont,Boston University,,
2007-02-07,Albany (NY),Maine,,
2007-02-08,Boston University,Binghamton,,
2007-02-08,Hartford,New Hampshire,,
2007-02-08,Vermont,Maryland-Baltimore County,,
2007-02-11,Vermont,Albany (NY),,
2007-02-11,Binghamton,Maine,,
2007-02-11,New Hampshire,Boston University,,
2007-02-11,Hartford,Stony Brook,,
2007-02-14,Vermont,Maine,,
2007-02-15,Boston University,Stony Brook,,
2007-02-15,Hartford,Maryland-Baltimore County,,
2007-02-18,Maryland-Baltimore County,Boston University,,
2007-02-18,Stony Brook,New Hampshire,,
2007-02-18,Vermont,Binghamton,,
2007-02-20,Binghamton,New Hampshire,,
2007-02-22,Binghamton,Hartford,,
2007-02-22,Vermont,Boston University,,
2007-02-22,Maryland-Baltimore County,Maine,,
2007-02-22,Albany (NY),Stony Brook,,
2007-02-25,Albany (NY),Boston University,,
2007-02-25,Maine,Stony Brook,,
2007-02-25,New Hampshire,Maryland-Baltimore County,,
2007-02-25,Vermont,Hartford,,
2007-03-02,Hartford,Stony Brook,,
2007-03-03,Boston University,Binghamton,,
2007-03-03,Vermont,Hartford,,
2007-03-03,Maryland-Baltimore County,Maine,,
2007-03-03,Albany (NY),New Hampshire,,
2007-03-04,Albany (NY),Boston University,,
2007-03-04,Vermont,Maryland-Baltimore County,,
2007-03-10,Albany (NY),Vermont,,
2008-01-03,New Hampshire,Albany (NY),,
2008-01-03,Maryland-Baltimore County,Stony Brook,,
2008-01-03,Vermont,Binghamton,,
2008-01-06,Albany (NY),Vermont,,
2008-01-06,Binghamton,Boston University,,
2008-01-06,Maryland-Baltimore County,New Hampshire,,
2008-01-06,Stony Brook,Maine,,
2008-01-09,Boston University,New Hampshire,,
2008-01-09,Hartford,Binghamton,,
2008-01-09,Maryland-Baltimore County,Vermont,,
2008-01-09,Albany (NY),Stony Brook,,
2008-01-12,Binghamton,Albany (NY),,
2008-01-12,Hartford,Boston University,,
2008-01-12,Maine,Maryland-Baltimore County,,
2008-01-12,Vermont,New Hampshire,,
2008-01-15,Binghamton,Stony Brook,,
2008-01-16,Albany (NY),Boston University,,
2008-01-16,Vermont,Maine,,
2008-01-16,Maryland-Baltimore County,Hartford,,
2008-01-19,Binghamton,Maryland-Baltimore County,,
2008-01-19,Albany (NY),Hartford,,
2008-01-19,New Hampshire,Maine,,
2008-01-19,Boston University,Stony Brook,,
2008-01-21,Hartford,Maine,,
2008-01-21,Vermont,Stony Brook,,
2008-01-22,Maryland-Baltimore County,Boston University,,
2008-01-23,Maine,Albany (NY),,
2008-01-24,Hartford,Stony Brook,,
2008-01-24,Binghamton,New Hampshire,,
2008-01-25,Vermont,Boston University,,
2008-01-27,Binghamton,Maine,,
2008-01-27,New Hampshire,Hartford,,
2008-01-30,Vermont,Hartford,,
2008-01-30,Boston University,Maine,,
2008-01-30,Maryland-Baltimore County,Albany (NY),,
2008-01-30,New Hampshire,Stony Brook,,
2008-02-02,Albany (NY),Stony Brook,,
2008-02-02,Hartford,Binghamton,,
2008-02-02,Boston University,New Hampshire,,
2008-02-02,Maryland-Baltimore County,Vermont,,
2008-02-06,Albany (NY),New Hampshire,,
2008-02-06,Vermont,Binghamton,,
2008-02-06,Hartford,Maine,,
2008-02-06,Maryland-Baltimore County,Stony Brook,,
2008-02-09,Hartford,Albany (NY),,
2008-02-09,Boston University,Stony Brook,,
2008-02-09,Maryland-Baltimore County,Binghamton,,
2008-02-09,Maine,New Hampshire,,
2008-02-11,Albany (NY),Vermont,,
2008-02-12,Boston University,Binghamton,,
2008-02-14,Binghamton,New Hampshire,,
2008-02-14,Albany (NY),Maine,,
2008-02-14,Hartford,Stony Brook,,
2008-02-14,Boston University,Vermont,,
2008-02-17,Binghamton,Maine,,
2008-02-17,Hartford,New Hampshire,,
2008-02-17,Maryland-Baltimore County,Boston University,,
2008-02-17,Stony Brook,Vermont,,
2008-02-20,Maryland-Baltimore County,Albany (NY),,
2008-02-20,Boston University,Maine,,
2008-02-20,New Hampshire,Stony Brook,,
2008-02-20,Vermont,Hartford,,
2008-02-23,Stony Brook,Maine,,
2008-02-23,Maryland-Baltimore County,New Hampshire,,
2008-02-27,Albany (NY),Binghamton,,
2008-02-28,Boston University,Hartford,,
2008-02-28,Maryland-Baltimore County,Maine,,
2008-02-28,New Hampshire,Vermont,,
2008-03-01,Binghamton,Stony Brook,,
2008-03-02,Albany (NY),Boston University,,
2008-03-02,Hartford,Maryland-Baltimore County,,
2008-03-02,Vermont,Maine,,
2008-03-07,Stony Brook,Maine,,
2008-03-08,Boston University,Albany (NY),,
2008-03-08,Vermont,Binghamton,,
2008-03-08,Hartford,New Hampshire,,
2008-03-08,Maryland-Baltimore County,Stony Brook,,
2008-03-09,Hartford,Boston University,,
2008-03-09,Maryland-Baltimore County,Vermont,,
2008-03-15,Maryland-Baltimore County,Hartford,,
2009-01-03,Hartford,Albany (NY),,
2009-01-03,Binghamton,Maine,,
2009-01-03,Stony Brook,Maryland-Baltimore County,,
2009-01-05,Binghamton,Stony Brook,,
2009-01-07,New Hampshire,Hartford,,
2009-01-08,Albany (NY),Boston University,,
2009-01-08,Binghamton,Vermont,,
2009-01-08,Maine,Stony Brook,,
2009-01-10,Maryland-Baltimore County,Maine,,
2009-01-11,Boston University,New Hampshire,,
2009-01-11,Albany (NY),Vermont,,
2009-01-14,Albany (NY),Binghamton,,
2009-01-14,Vermont,Boston University,,
2009-01-14,Hartford,Maine,,
2009-01-14,New Hampshire,Maryland-Baltimore County,,
2009-01-17,Boston University,Binghamton,,
2009-01-17,Maine,Albany (NY),,
2009-01-17,Maryland-Baltimore County,Hartford,,
2009-01-17,Vermont,Stony Brook,,
2009-01-19,Binghamton,Hartford,,
2009-01-19,Boston University,Stony Brook,,
2009-01-19,Maine,New Hampshire,,
2009-01-19,Vermont,Maryland-Baltimore County,,
2009-01-22,Boston University,Maryland-Baltimore County,,
2009-01-22,Vermont,Hartford,,
2009-01-22,Binghamton,New Hampshire,,
2009-01-23,Stony Brook,Albany (NY),,
2009-01-25,Albany (NY),Maryland-Baltimore County,,
2009-01-25,Boston University,Maine,,
2009-01-25,Stony Brook,Hartford,,
2009-01-25,Vermont,New Hampshire,,
2009-01-28,Albany (NY),Hartford,,
2009-01-28,Maryland-Baltimore County,Binghamton,,
2009-01-28,New Hampshire,Stony Brook,,
2009-01-28,Vermont,Maine,,
2009-01-31,Binghamton,Maine,,
2009-01-31,Boston University,Hartford,,
2009-01-31,Vermont,New Hampshire,,
2009-01-31,Stony Brook,Maryland-Baltimore County,,
2009-02-02,Boston University,Maryland-Baltimore County,,
2009-02-03,Stony Brook,Maine,,
2009-02-04,New Hampshire,Hartford,,
2009-02-04,Binghamton,Vermont,,
2009-02-05,Boston University,Albany (NY),,
2009-02-07,Vermont,Albany (NY),,
2009-02-07,Maryland-Baltimore County,Maine,,
2009-02-07,Boston University,New Hampshire,,
2009-02-07,Binghamton,Stony Brook,,
2009-02-09,Binghamton,Albany (NY),,
2009-02-09,Vermont,Hartford,,
2009-02-10,Maryland-Baltimore County,New Hampshire,,
2009-02-11,Maine,Hartford,,
2009-02-11,Vermont,Boston University,,
2009-02-12,Stony Brook,Albany (NY),,
2009-02-14,Binghamton,Boston University,,
2009-02-14,Maryland-Baltimore County,Hartford,,
2009-02-15,New Hampshire,Albany (NY),,
2009-02-15,Vermont,Stony Brook,,
2009-02-17,Vermont,Maryland-Baltimore County,,
2009-02-18,Binghamton,Hartford,,
2009-02-18,Stony Brook,Boston University,,
2009-02-19,New Hampshire,Maine,,
2009-02-22,Albany (NY),Maine,,
2009-02-22,Binghamton,New Hampshire,,
2009-02-26,Binghamton,Maryland-Baltimore County,,
2009-02-26,Boston University,Maine,,
2009-02-26,Stony Brook,Hartford,,
2009-02-26,New Hampshire,Albany (NY),,
2009-03-01,Boston University,Hartford,,
2009-03-01,Vermont,Maine,,
2009-03-01,Maryland-Baltimore County,Albany (NY),,
2009-03-01,New Hampshire,Stony Brook,,
2009-03-06,Hartford,Maine,,
2009-03-07,Albany (NY),Vermont,,
2009-03-07,Maryland-Baltimore County,Boston University,,
2009-03-07,Binghamton,Hartford,,
2009-03-07,New Hampshire,Stony Brook,,
2009-03-08,Maryland-Baltimore County,Albany (NY),,
2009-03-08,Binghamton,New Hampshire,,
2009-03-14,Binghamton,Maryland-Baltimore County,,
2010-01-02,Stony Brook,Boston University,,
2010-01-02,Vermont,Maryland-Baltimore County,,
2010-01-07,Binghamton,Albany (NY),,
2010-01-07,Vermont,Maine,,
2010-01-07,Boston University,New Hampshire,,
2010-01-07,Stony Brook,Hartford,,
2010-01-09,Boston University,Hartford,,
2010-01-10,Vermont,Albany (NY),,
2010-01-10,Maine,Binghamton,,
2010-01-10,Stony Brook,New Hampshire,,
2010-01-12,Binghamton,Stony Brook,,
2010-01-12,Boston University,Maryland-Baltimore County,,
2010-01-13,New Hampshire,Albany (NY),,
2010-01-14,Boston University,Binghamton,,
2010-01-14,Hartford,Maryland-Baltimore County,,
2010-01-16,Albany (NY),Maryland-Baltimore County,,
2010-01-16,Hartford,New Hampshire,,
2010-01-16,Maine,Stony Brook,,
2010-01-17,Vermont,Boston University,,
2010-01-18,Maine,New Hampshire,,
2010-01-18,Stony Brook,Maryland-Baltimore County,,
2010-01-19,Boston University,Albany (NY),,
2010-01-19,Vermont,Hartford,,
2010-01-21,Maine,Albany (NY),,
2010-01-21,Hartford,Binghamton,,
2010-01-21,New Hampshire,Maryland-Baltimore County,,
2010-01-21,Stony Brook,Vermont,,
2010-01-23,Maine,Hartford,,
2010-01-24,Binghamton,Vermont,,
2010-01-24,Boston University,Maryland-Baltimore County,,
2010-01-24,Stony Brook,Albany (NY),,
2010-01-27,Hartford,Albany (NY),,
2010-01-27,Maine,Boston University,,
2010-01-27,Binghamton,Maryland-Baltimore County,,
2010-01-27,New Hampshire,Vermont,,
2010-01-30,Binghamton,New Hampshire,,
2010-01-30,Maryland-Baltimore County,Maine,,
2010-01-30,Stony Brook,Boston University,,
2010-01-30,Vermont,Albany (NY),,
2010-02-03,Binghamton,Albany (NY),,
2010-02-03,Stony Brook,Hartford,,
2010-02-03,Vermont,Maine,,
2010-02-04,Boston University,New Hampshire,,
2010-02-05,Vermont,Maryland-Baltimore County,,
2010-02-06,Boston University,Albany (NY),,
2010-02-06,Maine,Binghamton,,
2010-02-06,Hartford,New Hampshire,,
2010-02-08,Maine,Maryland-Baltimore County,,
2010-02-09,New Hampshire,Albany (NY),,
2010-02-09,Vermont,Boston University,,
2010-02-10,Stony Brook,Maine,,
2010-02-11,Maryland-Baltimore County,Hartford,,
2010-02-11,New Hampshire,Binghamton,,
2010-02-13,Boston University,Hartford,,
2010-02-13,Albany (NY),Maryland-Baltimore County,,
2010-02-13,Stony Brook,Binghamton,,
2010-02-14,Vermont,New Hampshire,,
2010-02-16,Stony Brook,Maryland-Baltimore County,,
2010-02-17,Boston University,Binghamton,,
2010-02-17,Vermont,Hartford,,
2010-02-17,Maine,New Hampshire,,
2010-02-19,Stony Brook,Albany (NY),,
2010-02-21,Binghamton,Maryland-Baltimore County,,
2010-02-21,Maine,Hartford,,
2010-02-24,Binghamton,Hartford,,
2010-02-24,Maine,Albany (NY),,
2010-02-24,Maryland-Baltimore County,New Hampshire,,
2010-02-24,Stony Brook,Vermont,,
2010-02-27,Boston University,Maine,,
2010-02-28,Hartford,Albany (NY),,
2010-02-28,New Hampshire,Stony Brook,,
2010-02-28,Vermont,Binghamton,,
2010-03-06,Stony Brook,Albany (NY),,
2010-03-06,Boston University,Hartford,,
2010-03-06,New Hampshire,Maine,,
2010-03-06,Vermont,Maryland-Baltimore County,,
2010-03-07,Vermont,New Hampshire,,
2010-03-07,Boston University,Stony Brook,,
2010-03-13,Vermont,Boston University,,
2011-01-02,Albany (NY),New Hampshire,,
2011-01-02,Maine,Boston University,,
2011-01-02,Stony Brook,Maryland-Baltimore County,,
2011-01-04,Boston University,New Hampshire,,
2011-01-04,Vermont,Stony Brook,,
2011-01-05,Hartford,Maine,,
2011-01-06,Vermont,Albany (NY),,
2011-01-08,Maine,Maryland-Baltimore County,,
2011-01-08,Binghamton,New Hampshire,,
2011-01-09,Boston University,Vermont,,
2011-01-09,Hartford,Albany (NY),,
2011-01-10,Binghamton,Stony Brook,,
2011-01-11,New Hampshire,Hartford,,
2011-01-12,Maine,Albany (NY),,
2011-01-12,Binghamton,Maryland-Baltimore County,,
2011-01-15,Boston University,Albany (NY),,
2011-01-15,Maine,Binghamton,,
2011-01-15,Stony Brook,New Hampshire,,
2011-01-15,Vermont,Maryland-Baltimore County,,
2011-01-17,Hartford,Binghamton,,
2011-01-17,Maryland-Baltimore County,Boston University,,
2011-01-17,Albany (NY),Stony Brook,,
2011-01-18,Maine,Vermont,,
2011-01-20,Albany (NY),Binghamton,,
2011-01-20,Boston University,Stony Brook,,
2011-01-20,Maryland-Baltimore County,Hartford,,
2011-01-20,Vermont,New Hampshire,,
2011-01-22,Hartford,Boston University,,
2011-01-22,Maine,Stony Brook,,
2011-01-23,Vermont,Binghamton,,
2011-01-23,New Hampshire,Maryland-Baltimore County,,
2011-01-25,Maine,New Hampshire,,
2011-01-25,Vermont,Hartford,,
2011-01-26,Boston University,Binghamton,,
2011-01-26,Albany (NY),Maryland-Baltimore County,,
2011-01-29,Vermont,Albany (NY),,
2011-01-29,Maine,Binghamton,,
2011-01-29,New Hampshire,Boston University,,
2011-01-29,Stony Brook,Hartford,,
2011-01-31,Stony Brook,Maryland-Baltimore County,,
2011-01-31,Vermont,New Hampshire,,
2011-02-01,Boston University,Maine,,
2011-02-02,New Hampshire,Albany (NY),,
2011-02-03,Vermont,Hartford,,
2011-02-03,Maryland-Baltimore County,Binghamton,,
2011-02-04,Boston University,Stony Brook,,
2011-02-05,Albany (NY),Hartford,,
2011-02-05,New Hampshire,Binghamton,,
2011-02-06,Maryland-Baltimore County,Maine,,
2011-02-06,Vermont,Stony Brook,,
2011-02-09,Vermont,Maryland-Baltimore County,,
2011-02-09,Stony Brook,New Hampshire,,
2011-02-10,Boston University,Albany (NY),,
2011-02-10,Hartford,Maine,,
2011-02-12,Boston University,Hartford,,
2011-02-12,New Hampshire,Maryland-Baltimore County,,
2011-02-12,Stony Brook,Maine,,
2011-02-13,Vermont,Binghamton,,
2011-02-14,Albany (NY),Stony Brook,,
2011-02-15,Boston University,Maryland-Baltimore County,,
2011-02-16,Binghamton,Hartford,,
2011-02-16,Vermont,Maine,,
2011-02-19,Hartford,Maryland-Baltimore County,,
2011-02-20,Albany (NY),Binghamton,,
2011-02-22,Maine,New Hampshire,,
2011-02-23,Albany (NY),Maryland-Baltimore County,,
2011-02-23,Stony Brook,Hartford,,
2011-02-24,Boston University,Binghamton,,
2011-02-27,Hartford,New Hampshire,,
2011-02-27,Albany (NY),Maine,,
2011-02-27,Stony Brook,Binghamton,,
2011-02-27,Boston University,Vermont,,
2011-03-03,Binghamton,Maryland-Baltimore County,,
2011-03-05,Stony Brook,Albany (NY),,
2011-03-05,Boston University,New Hampshire,,
2011-03-05,Hartford,Maine,,
2011-03-05,Vermont,Binghamton,,
2011-03-06,Boston University,Hartford,,
2011-03-06,Stony Brook,Vermont,,
2011-03-12,Boston University,Stony Brook,,
2012-01-02,Albany (NY),Hartford,,
2012-01-02,Maine,Binghamton,,
2012-01-02,Maryland-Baltimore County,New Hampshire,,
2012-01-02,Stony Brook,Vermont,,
2012-01-05,Stony Brook,Binghamton,,
2012-01-05,Hartford,New Hampshire,,
2012-01-05,Albany (NY),Maryland-Baltimore County,,
2012-01-05,Vermont,Boston University,,
2012-01-07,Maine,Maryland-Baltimore County,,
2012-01-08,Boston University,Binghamton,,
2012-01-08,Vermont,Hartford,,
2012-01-08,Stony Brook,Albany (NY),,
2012-01-11,Albany (NY),New Hampshire,,
2012-01-11,Boston University,Maine,,
2012-01-11,Stony Brook,Maryland-Baltimore County,,
2012-01-12,Vermont,Binghamton,,
2012-01-14,Albany (NY),Maine,,
2012-01-14,Boston University,Stony Brook,,
2012-01-14,New Hampshire,Vermont,,
2012-01-15,Hartford,Binghamton,,
2012-01-16,Boston University,Albany (NY),,
2012-01-16,Stony Brook,New Hampshire,,
2012-01-16,Vermont,Maine,,
2012-01-17,Hartford,Maryland-Baltimore County,,
2012-01-19,Hartford,Maine,,
2012-01-19,Maryland-Baltimore County,Binghamton,,
2012-01-19,Boston University,New Hampshire,,
2012-01-19,Vermont,Albany (NY),,
2012-01-21,Stony Brook,Maine,,
2012-01-22,New Hampshire,Binghamton,,
2012-01-22,Boston University,Hartford,,
2012-01-22,Vermont,Maryland-Baltimore County,,
2012-01-24,Boston University,Maryland-Baltimore County,,
2012-01-25,Albany (NY),Binghamton,,
2012-01-25,Maine,New Hampshire,,
2012-01-25,Stony Brook,Hartford,,
2012-01-27,Stony Brook,Boston University,,
2012-01-28,Albany (NY),Hartford,,
2012-01-28,Maine,Binghamton,,
2012-01-29,Vermont,New Hampshire,,
2012-02-01,Albany (NY),Maryland-Baltimore County,,
2012-02-01,Vermont,Boston University,,
2012-02-01,New Hampshire,Hartford,,
2012-02-01,Stony Brook,Binghamton,,
2012-02-04,Stony Brook,Albany (NY),,
2012-02-04,Boston University,Binghamton,,
2012-02-04,Maine,Maryland-Baltimore County,,
2012-02-04,Vermont,Hartford,,
2012-02-06,Boston University,Albany (NY),,
2012-02-06,Vermont,Maine,,
2012-02-06,Stony Brook,New Hampshire,,
2012-02-07,Hartford,Maryland-Baltimore County,,
2012-02-09,Boston University,Maine,,
2012-02-09,New Hampshire,Albany (NY),,
2012-02-09,Stony Brook,Maryland-Baltimore County,,
2012-02-11,Albany (NY),Maine,,
2012-02-12,Hartford,Binghamton,,
2012-02-12,New Hampshire,Maryland-Baltimore County,,
2012-02-12,Vermont,Stony Brook,,
2012-02-15,Vermont,Albany (NY),,
2012-02-15,Maryland-Baltimore County,Binghamton,,
2012-02-15,New Hampshire,Boston University,,
2012-02-15,Hartford,Maine,,
2012-02-21,Binghamton,Vermont,,
2012-02-21,Stony Brook,Hartford,,
2012-02-22,Maine,New Hampshire,,
2012-02-22,Boston University,Maryland-Baltimore County,,
2012-02-23,Albany (NY),Binghamton,,
2012-02-25,Boston University,Hartford,,
2012-02-25,Vermont,Maryland-Baltimore County,,
2012-02-26,New Hampshire,Binghamton,,
2012-02-26,Stony Brook,Maine,,
2012-03-01,Binghamton,Maryland-Baltimore County,,
2012-03-03,Albany (NY),New Hampshire,,
2012-03-03,Stony Brook,Binghamton,,
2012-03-03,Hartford,Boston University,,
2012-03-03,Vermont,Maine,,
2012-03-04,Stony Brook,Albany (NY),,
2012-03-04,Vermont,Hartford,,
2012-03-10,Vermont,Stony Brook,,
2013-01-02,Albany (NY),Maryland-Baltimore County,,
2013-01-02,Hartford,Binghamton,,
2013-01-02,Maine,Boston University,,
2013-01-02,Vermont,New Hampshire,,
2013-01-05,Hartford,Boston University,,
2013-01-05,Maine,Maryland-Baltimore County,,
2013-01-05,Stony Brook,New Hampshire,,
2013-01-05,Vermont,Albany (NY),,
2013-01-07,Albany (NY),Binghamton,,
2013-01-08,Boston University,Vermont,,
2013-01-09,Stony Brook,Binghamton,,
2013-01-09,Hartford,Maine,,
2013-01-09,Maryland-Baltimore County,New Hampshire,,
2013-01-12,Albany (NY),Maine,,
2013-01-12,Boston University,Binghamton,,
2013-01-12,Stony Brook,Hartford,,
2013-01-12,Vermont,Maryland-Baltimore County,,
2013-01-15,Stony Brook,Boston University,,
2013-01-16,Maryland-Baltimore County,Hartford,,
2013-01-16,Albany (NY),New Hampshire,,
2013-01-16,Vermont,Binghamton,,
2013-01-18,Vermont,Stony Brook,,
2013-01-19,Albany (NY),Hartford,,
2013-01-19,Binghamton,Maine,,
2013-01-19,Boston University,New Hampshire,,
2013-01-22,Maine,Vermont,,
2013-01-23,Boston University,Albany (NY),,
2013-01-23,Stony Brook,Maryland-Baltimore County,,
2013-01-24,Hartford,New Hampshire,,
2013-01-26,Vermont,Albany (NY),,
2013-01-26,New Hampshire,Binghamton,,
2013-01-26,Boston University,Maryland-Baltimore County,,
2013-01-26,Stony Brook,Maine,,
2013-01-29,Stony Brook,Albany (NY),,
2013-01-30,Maryland-Baltimore County,Binghamton,,
2013-01-30,Vermont,Hartford,,
2013-01-30,New Hampshire,Maine,,
2013-02-02,Albany (NY),Binghamton,,
2013-02-02,Hartford,Boston University,,
2013-02-02,Maryland-Baltimore County,Maine,,
2013-02-02,Stony Brook,New Hampshire,,
2013-02-05,Boston University,Maine,,
2013-02-06,Hartford,Binghamton,,
2013-02-06,Albany (NY),Maryland-Baltimore County,,
2013-02-06,Vermont,New Hampshire,,
2013-02-09,Boston University,Binghamton,,
2013-02-09,Maine,Albany (NY),,
2013-02-09,Vermont,Maryland-Baltimore County,,
2013-02-10,Hartford,Stony Brook,,
2013-02-12,Stony Brook,Binghamton,,
2013-02-12,Boston University,Vermont,,
2013-02-13,Maine,Hartford,,
2013-02-13,New Hampshire,Maryland-Baltimore County,,
2013-02-15,Stony Brook,Vermont,,
2013-02-16,Albany (NY),Hartford,,
2013-02-16,Maine,Binghamton,,
2013-02-17,Boston University,New Hampshire,,
2013-02-19,Stony Brook,Maryland-Baltimore County,,
2013-02-20,Boston University,Albany (NY),,
2013-02-20,Hartford,New Hampshire,,
2013-02-20,Vermont,Maine,,
2013-02-23,Boston University,Maryland-Baltimore County,,
2013-02-23,New Hampshire,Binghamton,,
2013-02-24,Stony Brook,Maine,,
2013-02-28,Albany (NY),New Hampshire,,
2013-02-28,Vermont,Binghamton,,
2013-02-28,Stony Brook,Boston University,,
2013-02-28,Hartford,Maryland-Baltimore County,,
2013-03-03,Maryland-Baltimore County,Binghamton,,
2013-03-03,New Hampshire,Maine,,
2013-03-03,Stony Brook,Albany (NY),,
2013-03-03,Hartford,Vermont,,
2013-03-09,Albany (NY),Maine,,
2013-03-09,Stony Brook,Binghamton,,
2013-03-09,Maryland-Baltimore County,Hartford,,
2013-03-09,Vermont,New Hampshire,,
2013-03-10,Albany (NY),Stony Brook,,
2013-03-10,Vermont,Maryland-Baltimore County,,
2013-03-16,Albany (NY),Vermont,,
2013-12-15,Stony Brook,New Hampshire,,
2013-12-18,Vermont,Massachusetts-Lowell,,
2014-01-04,Albany (NY),Hartford,,
2014-01-05,Maine,Binghamton,,
2014-01-05,Massachusetts-Lowell,Maryland-Baltimore County,,
2014-01-08,Albany (NY),Maryland-Baltimore County,,
2014-01-09,Binghamton,New Hampshire,,
2014-01-09,Hartford,Maine,,
2014-01-11,Massachusetts-Lowell,Binghamton,,
2014-01-11,Maryland-Baltimore County,Maine,,
2014-01-11,Vermont,Albany (NY),,
2014-01-12,Stony Brook,Hartford,,
2014-01-15,Massachusetts-Lowell,Albany (NY),,
2014-01-15,New Hampshire,Maryland-Baltimore County,,
2014-01-15,Stony Brook,Binghamton,,
2014-01-16,Vermont,Maine,,
2014-01-18,Albany (NY),Maine,,
2014-01-18,Vermont,Maryland-Baltimore County,,
2014-01-18,Hartford,New Hampshire,,
2014-01-18,Stony Brook,Massachusetts-Lowell,,
2014-01-20,Albany (NY),Binghamton,,
2014-01-20,Hartford,Massachusetts-Lowell,,
2014-01-20,Stony Brook,Maryland-Baltimore County,,
2014-01-20,Vermont,New Hampshire,,
2014-01-23,Hartford,Binghamton,,
2014-01-23,Massachusetts-Lowell,Maine,,
2014-01-23,New Hampshire,Albany (NY),,
2014-01-24,Stony Brook,Vermont,,
2014-01-25,Maryland-Baltimore County,Hartford,,
2014-01-26,New Hampshire,Massachusetts-Lowell,,
2014-01-26,Stony Brook,Maine,,
2014-01-26,Vermont,Binghamton,,
2014-01-29,Albany (NY),Stony Brook,,
2014-01-29,Maryland-Baltimore County,Binghamton,,
2014-01-29,Vermont,Hartford,,
2014-01-29,Maine,New Hampshire,,
2014-02-01,Vermont,Albany (NY),,
2014-02-01,Maine,Maryland-Baltimore County,,
2014-02-01,Massachusetts-Lowell,Binghamton,,
2014-02-01,Stony Brook,Hartford,,
2014-02-04,Stony Brook,Binghamton,,
2014-02-04,Vermont,Maine,,
2014-02-05,Albany (NY),Massachusetts-Lowell,,
2014-02-05,Maryland-Baltimore County,New Hampshire,,
2014-02-08,Binghamton,Maine,,
2014-02-08,Hartford,Albany (NY),,
2014-02-08,Massachusetts-Lowell,Maryland-Baltimore County,,
2014-02-08,New Hampshire,Stony Brook,,
2014-02-12,Hartford,Maine,,
2014-02-12,Maryland-Baltimore County,Albany (NY),,
2014-02-12,Binghamton,New Hampshire,,
2014-02-12,Vermont,Massachusetts-Lowell,,
2014-02-15,Albany (NY),Maine,,
2014-02-15,Hartford,New Hampshire,,
2014-02-15,Stony Brook,Massachusetts-Lowell,,
2014-02-15,Vermont,Maryland-Baltimore County,,
2014-02-19,Albany (NY),Binghamton,,
2014-02-19,Hartford,Massachusetts-Lowell,,
2014-02-19,Vermont,New Hampshire,,
2014-02-19,Stony Brook,Maryland-Baltimore County,,
2014-02-22,Binghamton,Maryland-Baltimore County,,
2014-02-22,Massachusetts-Lowell,New Hampshire,,
2014-02-23,Stony Brook,Maine,,
2014-02-23,Vermont,Hartford,,
2014-02-27,Albany (NY),New Hampshire,,
2014-02-27,Hartford,Binghamton,,
2014-02-27,Massachusetts-Lowell,Maine,,
2014-02-27,Vermont,Stony Brook,,
2014-03-02,Vermont,Binghamton,,
2014-03-02,Hartford,Maryland-Baltimore County,,
2014-03-02,Maine,New Hampshire,,
2014-03-02,Stony Brook,Albany (NY),,
2014-03-08,Albany (NY),Maryland-Baltimore County,,
2014-03-08,Hartford,Binghamton,,
2014-03-08,Stony Brook,Maine,,
2014-03-08,Vermont,New Hampshire,,
2014-03-09,Albany (NY),Vermont,,
2014-03-09,Stony Brook,Hartford,,
2014-03-15,Albany (NY),Stony Brook,,
2014-12-03,Vermont,Hartford,,
2015-01-02,Massachusetts-Lowell,Binghamton,,
2015-01-03,Albany (NY),Maine,,
2015-01-03,Stony Brook,New Hampshire,,
2015-01-06,Albany (NY),New Hampshire,,
2015-01-07,Hartford,Binghamton,,
2015-01-07,Vermont,Maine,,
2015-01-07,Massachusetts-Lowell,Maryland-Baltimore County,,
2015-01-10,Binghamton,Maine,,
2015-01-10,Albany (NY),Massachusetts-Lowell,,
2015-01-10,Vermont,Stony Brook,,
2015-01-11,New Hampshire,Maryland-Baltimore County,,
2015-01-13,Massachusetts-Lowell,Maine,,
2015-01-14,Albany (NY),Binghamton,,
2015-01-14,Hartford,New Hampshire,,
2015-01-14,Stony Brook,Maryland-Baltimore County,,
2015-01-17,New Hampshire,Binghamton,,
2015-01-17,Hartford,Massachusetts-Lowell,,
2015-01-17,Stony Brook,Maine,,
2015-01-17,Vermont,Maryland-Baltimore County,,
2015-01-19,Hartford,Maryland-Baltimore County,,
2015-01-19,New Hampshire,Massachusetts-Lowell,,
2015-01-19,Albany (NY),Stony Brook,,
2015-01-19,Vermont,Binghamton,,
2015-01-22,Albany (NY),Hartford,,
2015-01-22,Maryland-Baltimore County,Maine,,
2015-01-22,Stony Brook,Massachusetts-Lowell,,
2015-01-22,New Hampshire,Vermont,,
2015-01-25,Albany (NY),Maryland-Baltimore County,,
2015-01-25,Stony Brook,Binghamton,,
2015-01-25,Maine,Hartford,,
2015-01-25,Vermont,Massachusetts-Lowell,,
2015-01-28,New Hampshire,Maine,,
2015-01-28,Binghamton,Maryland-Baltimore County,,
2015-01-28,Stony Brook,Hartford,,
2015-01-28,Albany (NY),Vermont,,
2015-01-31,Binghamton,Massachusetts-Lowell,,
2015-01-31,Vermont,Hartford,,
2015-01-31,Albany (NY),Maine,,
2015-01-31,New Hampshire,Stony Brook,,
2015-02-03,Hartford,Binghamton,,
2015-02-03,Vermont,Maine,,
2015-02-04,Albany (NY),New Hampshire,,
2015-02-05,Massachusetts-Lowell,Maryland-Baltimore County,,
2015-02-07,Albany (NY),Massachusetts-Lowell,,
2015-02-07,Maine,Binghamton,,
2015-02-07,New Hampshire,Maryland-Baltimore County,,
2015-02-07,Vermont,Stony Brook,,
2015-02-10,Albany (NY),Binghamton,,
2015-02-10,New Hampshire,Hartford,,
2015-02-11,Stony Brook,Maryland-Baltimore County,,
2015-02-11,Vermont,Massachusetts-Lowell,,
2015-02-14,Massachusetts-Lowell,Hartford,,
2015-02-14,New Hampshire,Binghamton,,
2015-02-14,Stony Brook,Maine,,
2015-02-14,Vermont,Maryland-Baltimore County,,
2015-02-17,Stony Brook,Albany (NY),,
2015-02-17,Hartford,Maryland-Baltimore County,,
2015-02-18,Binghamton,Vermont,,
2015-02-18,Massachusetts-Lowell,Maine,,
2015-02-20,Albany (NY),Hartford,,
2015-02-21,Maryland-Baltimore County,Maine,,
2015-02-21,New Hampshire,Massachusetts-Lowell,,
2015-02-21,Stony Brook,Binghamton,,
2015-02-25,Hartford,Maine,,
2015-02-25,Albany (NY),Maryland-Baltimore County,,
2015-02-25,Stony Brook,Massachusetts-Lowell,,
2015-02-25,Vermont,New Hampshire,,
2015-02-28,Albany (NY),Vermont,,
2015-02-28,Binghamton,Maryland-Baltimore County,,
2015-02-28,Stony Brook,Hartford,,
2015-02-28,New Hampshire,Maine,,
2015-03-04,Albany (NY),Maine,,
2015-03-04,New Hampshire,Hartford,,
2015-03-04,Stony Brook,Binghamton,,
2015-03-04,Vermont,Maryland-Baltimore County,,
2015-03-08,Albany (NY),New Hampshire,,
2015-03-08,Stony Brook,Vermont,,
2015-03-14,Albany (NY),Stony Brook,,
2016-01-06,Albany (NY),Maryland-Baltimore County,,
2016-01-06,Stony Brook,Binghamton,,
2016-01-06,Vermont,Maine,,
2016-01-06,Massachusetts-Lowell,Hartford,,
2016-01-09,Maryland-Baltimore County,Maine,,
2016-01-09,New Hampshire,Binghamton,,
2016-01-09,Stony Brook,Massachusetts-Lowell,,
2016-01-09,Albany (NY),Vermont,,
2016-01-12,Albany (NY),New Hampshire,,
2016-01-13,Hartford,Binghamton,,
2016-01-13,Maine,Massachusetts-Lowell,,
2016-01-13,Stony Brook,Maryland-Baltimore County,,
2016-01-15,Maine,Albany (NY),,
2016-01-16,Vermont,Hartford,,
2016-01-16,Massachusetts-Lowell,Maryland-Baltimore County,,
2016-01-16,Stony Brook,New Hampshire,,
2016-01-18,Albany (NY),Binghamton,,
2016-01-18,Stony Brook,Hartford,,
2016-01-18,New Hampshire,Maine,,
2016-01-18,Massachusetts-Lowell,Vermont,,
2016-01-21,Vermont,Binghamton,,
2016-01-21,Hartford,Maryland-Baltimore County,,
2016-01-21,New Hampshire,Massachusetts-Lowell,,
2016-01-22,Stony Brook,Albany (NY),,
2016-01-24,Binghamton,Massachusetts-Lowell,,
2016-01-24,New Hampshire,Hartford,,
2016-01-24,Vermont,Maryland-Baltimore County,,
2016-01-25,Stony Brook,Maine,,
2016-01-27,Albany (NY),Massachusetts-Lowell,,
2016-01-27,Binghamton,Maryland-Baltimore County,,
2016-01-27,Maine,Hartford,,
2016-01-27,Vermont,New Hampshire,,
2016-01-30,Albany (NY),Hartford,,
2016-01-30,Maine,Binghamton,,
2016-01-30,New Hampshire,Maryland-Baltimore County,,
2016-01-30,Stony Brook,Vermont,,
2016-02-03,Massachusetts-Lowell,Hartford,,
2016-02-03,Albany (NY),Maryland-Baltimore County,,
2016-02-03,Stony Brook,Binghamton,,
2016-02-03,Vermont,Maine,,
2016-02-06,Albany (NY),Vermont,,
2016-02-06,New Hampshire,Binghamton,,
2016-02-06,Maryland-Baltimore County,Maine,,
2016-02-06,Stony Brook,Massachusetts-Lowell,,
2016-02-08,Albany (NY),Binghamton,,
2016-02-08,Massachusetts-Lowell,Vermont,,
2016-02-08,New Hampshire,Maine,,
2016-02-08,Stony Brook,Hartford,,
2016-02-11,Binghamton,Hartford,,
2016-02-11,Massachusetts-Lowell,Maine,,
2016-02-11,Stony Brook,Maryland-Baltimore County,,
2016-02-11,New Hampshire,Albany (NY),,
2016-02-14,Albany (NY),Maine,,
2016-02-14,Massachusetts-Lowell,Maryland-Baltimore County,,
2016-02-14,Stony Brook,New Hampshire,,
2016-02-14,Vermont,Hartford,,
2016-02-17,Albany (NY),Stony Brook,,
2016-02-17,Hartford,Maryland-Baltimore County,,
2016-02-17,New Hampshire,Massachusetts-Lowell,,
2016-02-17,Vermont,Binghamton,,
2016-02-20,Binghamton,Massachusetts-Lowell,,
2016-02-20,New Hampshire,Hartford,,
2016-02-20,Vermont,Maryland-Baltimore County,,
2016-02-21,Stony Brook,Maine,,
2016-02-24,Hartford,Maine,,
2016-02-24,Maryland-Baltimore County,Binghamton,,
2016-02-24,Albany (NY),Massachusetts-Lowell,,
2016-02-24,Vermont,New Hampshire,,
2016-02-27,Albany (NY),Hartford,,
2016-02-27,Binghamton,Maine,,
2016-02-27,New Hampshire,Maryland-Baltimore County,,
2016-02-27,Vermont,Stony Brook,,
2016-03-02,Hartford,Albany (NY),,
2016-03-02,New Hampshire,Binghamton,,
2016-03-02,Stony Brook,Maryland-Baltimore County,,
2016-03-02,Vermont,Maine,,
2016-03-07,Stony Brook,Hartford,,
2016-03-07,Vermont,New Hampshire,,
2016-03-12,Stony Brook,Vermont,,
2017-01-05,Vermont,Maine,,
2017-01-05,Maryland-Baltimore County,Binghamton,,
2017-01-05,Massachusetts-Lowell,Albany (NY),,
2017-01-05,Stony Brook,New Hampshire,,
2017-01-08,Massachusetts-Lowell,Binghamton,,
2017-01-08,Maryland-Baltimore County,Maine,,
2017-01-08,Stony Brook,Albany (NY),,
2017-01-08,Vermont,Hartford,,
2017-01-11,New Hampshire,Albany (NY),,
2017-01-11,Vermont,Binghamton,,
2017-01-11,Maryland-Baltimore County,Hartford,,
2017-01-11,Maine,Massachusetts-Lowell,,
2017-01-13,Vermont,Maryland-Baltimore County,,
2017-01-14,Stony Brook,Maine,,
2017-01-14,Massachusetts-Lowell,Hartford,,
2017-01-14,New Hampshire,Binghamton,,
2017-01-16,Hartford,Maine,,
2017-01-16,Albany (NY),Maryland-Baltimore County,,
2017-01-16,Stony Brook,Massachusetts-Lowell,,
2017-01-16,Vermont,New Hampshire,,
2017-01-19,Albany (NY),Binghamton,,
2017-01-19,New Hampshire,Maine,,
2017-01-19,Stony Brook,Hartford,,
2017-01-19,Vermont,Massachusetts-Lowell,,
2017-01-22,Albany (NY),Maine,,
2017-01-22,Binghamton,Stony Brook,,
2017-01-22,New Hampshire,Hartford,,
2017-01-22,Maryland-Baltimore County,Massachusetts-Lowell,,
2017-01-25,Vermont,Albany (NY),,
2017-01-25,Binghamton,Hartford,,
2017-01-25,New Hampshire,Massachusetts-Lowell,,
2017-01-25,Stony Brook,Maryland-Baltimore County,,
2017-01-28,Albany (NY),Hartford,,
2017-01-28,Maryland-Baltimore County,New Hampshire,,
2017-01-28,Vermont,Stony Brook,,
2017-01-29,Binghamton,Maine,,
2017-02-01,Albany (NY),Massachusetts-Lowell,,
2017-02-01,Maryland-Baltimore County,Binghamton,,
2017-02-01,Stony Brook,New Hampshire,,
2017-02-01,Vermont,Maine,,
2017-02-04,Stony Brook,Albany (NY),,
2017-02-04,Vermont,Hartford,,
2017-02-04,Maryland-Baltimore County,Maine,,
2017-02-04,Massachusetts-Lowell,Binghamton,,
2017-02-06,Maine,Hartford,,
2017-02-06,Albany (NY),New Hampshire,,
2017-02-06,Stony Brook,Massachusetts-Lowell,,
2017-02-06,Vermont,Binghamton,,
2017-02-09,Albany (NY),Binghamton,,
2017-02-09,Hartford,Maryland-Baltimore County,,
2017-02-09,Massachusetts-Lowell,Maine,,
2017-02-09,Vermont,New Hampshire,,
2017-02-12,New Hampshire,Binghamton,,
2017-02-12,Hartford,Massachusetts-Lowell,,
2017-02-12,Vermont,Maryland-Baltimore County,,
2017-02-12,Stony Brook,Maine,,
2017-02-15,Albany (NY),Maryland-Baltimore County,,
2017-02-15,Stony Brook,Hartford,,
2017-02-15,Vermont,Massachusetts-Lowell,,
2017-02-15,New Hampshire,Maine,,
2017-02-18,Maryland-Baltimore County,Massachusetts-Lowell,,
2017-02-18,New Hampshire,Hartford,,
2017-02-18,Stony Brook,Binghamton,,
2017-02-19,Albany (NY),Maine,,
2017-02-22,Hartford,Binghamton,,
2017-02-22,Maryland-Baltimore County,Stony Brook,,
2017-02-22,New Hampshire,Massachusetts-Lowell,,
2017-02-22,Vermont,Albany (NY),,
2017-02-25,Albany (NY),Hartford,,
2017-02-25,Maine,Binghamton,,
2017-02-25,New Hampshire,Maryland-Baltimore County,,
2017-02-25,Vermont,Stony Brook,,
2017-03-01,Albany (NY),Hartford,,
2017-03-01,New Hampshire,Maryland-Baltimore County,,
2017-03-01,Stony Brook,Binghamton,,
2017-03-01,Vermont,Maine,,
2017-03-06,Albany (NY),Stony Brook,,
2017-03-06,Vermont,New Hampshire,,
2017-03-11,Vermont,Albany (NY),,